日期,門市,業務員,產品類別,銷售數量,單價,折扣,客戶評分,是否會員,地區
2026-03-10,桃園機場店,林淑芬,3C 家電,15,2780,NA,3,FALSE,北區
2026-03-02,台中新光店,陳美玲,食品禮盒,2,9980,0.25,2,TRUE,中區
2026-04-18,桃園機場店,陳美玲,3C 家電,19,2230,0.28,1,TRUE,北區
2026-04-11,台中新光店,林淑芬,3C 家電,4,1640,0.17,5,TRUE,東區
2026-05-06,台北車站店,林淑芬,生活用品,7,1880,0.11,1,TRUE,南區
2026-04-03,高雄漢神店,王小明,服飾配件,6,9310,0.20,,TRUE,未知
2026-03-01,台中新光店,劉俊傑,服飾配件,7,2650,0.11,,FALSE,未知
2026-03-18,桃園機場店,李大華,生活用品,3,3110,0.09,4,FALSE,北區
2026-01-10,台中新光店,李大華,美妝保養,9,3760,NA,4,FALSE,東區
2026-01-21,台北旗艦店,李大華,服飾配件,18,5070,NA,5,TRUE,東區
2026-07-30,台中新光店,李大華,服飾配件,18,3640,0.29,2,FALSE,北區
2026-02-02,高雄漢神店,王小明,美妝保養,6,7560,0.27,2,TRUE,南區
2026-02-24,台北車站店,陳美玲,美妝保養,20,8640,NA,4,TRUE,北區
2026-02-12,台北旗艦店,陳美玲,美妝保養,10,6180,0.11,,FALSE,南區
2026-01-03,高雄漢神店,陳美玲,生活用品,16,6520,NA,4,TRUE,北區
2026-03-18,台北旗艦店,劉俊傑,美妝保養,12,2900,NA,,TRUE,未知
2026-05-01,桃園機場店,林淑芬,食品禮盒,5,6030,0.10,5,TRUE,東區
2026-06-20,台北車站店,劉俊傑,3C 家電,5,3840,0.28,1,FALSE,南區
2026-04-08,高雄漢神店,張雅婷,食品禮盒,16,3610,0.04,,TRUE,北區
2026-01-27,台中新光店,張雅婷,3C 家電,17,1160,0.27,3,FALSE,中區
2026-04-26,台中新光店,王小明,食品禮盒,14,240,0.17,3,TRUE,中區
2026-03-04,台中新光店,陳美玲,食品禮盒,4,3380,NA,1,FALSE,未知
2026-02-21,高雄漢神店,李大華,3C 家電,8,2180,0.14,,TRUE,中區
2026-07-18,台北車站店,張雅婷,美妝保養,6,2850,0.16,1,TRUE,北區
2026-05-04,台中新光店,陳美玲,服飾配件,18,6040,0.07,,TRUE,未知
2026-03-28,桃園機場店,陳美玲,生活用品,19,4050,0.12,5,TRUE,未知
2026-04-18,桃園機場店,李大華,服飾配件,18,5950,0.22,1,TRUE,南區
2026-08-18,台中新光店,張雅婷,生活用品,2,2970,0.02,1,FALSE,南區
2026-03-01,高雄漢神店,林淑芬,生活用品,19,8790,0.12,1,TRUE,東區
2026-07-04,台北旗艦店,劉俊傑,3C 家電,10,8460,NA,,TRUE,東區
2026-02-04,台北車站店,林淑芬,美妝保養,6,3670,0.04,,FALSE,南區
2026-08-08,台北車站店,陳美玲,美妝保養,4,4340,0.28,4,FALSE,東區
2026-04-12,台北旗艦店,陳美玲,食品禮盒,3,4030,0.22,2,FALSE,南區
2026-08-19,N/A,陳美玲,美妝保養,9,9050,0.23,1,TRUE,北區
2026-04-09,台中新光店,林淑芬,服飾配件,6,5780,0.12,,TRUE,北區
2026-04-17,N/A,張雅婷,服飾配件,1,3610,NA,2,TRUE,未知
2026-05-05,台北車站店,張雅婷,3C 家電,20,7980,0.29,2,FALSE,北區
2026-08-10,台北旗艦店,林淑芬,3C 家電,17,6510,0.04,,TRUE,中區
2026-02-08,台北車站店,陳美玲,3C 家電,2,5810,0.11,1,FALSE,東區
2026-08-21,台北車站店,李大華,食品禮盒,18,980,0.14,5,FALSE,北區
2026-05-11,台北車站店,王小明,美妝保養,11,9720,0.21,3,TRUE,未知
2026-08-07,台北旗艦店,劉俊傑,美妝保養,13,8770,0.23,,FALSE,北區
2026-05-16,台中新光店,林淑芬,食品禮盒,4,7650,0.29,3,TRUE,南區
2026-05-01,桃園機場店,張雅婷,美妝保養,2,590,0.19,3,TRUE,未知
2026-04-09,高雄漢神店,林淑芬,食品禮盒,9,1950,0.03,3,TRUE,北區
2026-07-14,N/A,陳美玲,食品禮盒,19,6610,0.01,3,TRUE,東區
2026-05-26,台北車站店,張雅婷,食品禮盒,4,440,0.09,2,TRUE,北區
2026-06-08,桃園機場店,陳美玲,生活用品,5,9750,NA,2,TRUE,南區
2026-04-14,台中新光店,張雅婷,美妝保養,11,3680,NA,1,TRUE,未知
2026-07-02,N/A,劉俊傑,生活用品,7,8260,0.13,3,TRUE,東區
2026-01-31,高雄漢神店,劉俊傑,食品禮盒,6,1180,0.10,3,TRUE,中區
2026-05-27,桃園機場店,林淑芬,服飾配件,20,9480,0.03,,FALSE,南區
2026-05-20,台北旗艦店,劉俊傑,服飾配件,15,4050,0.01,5,FALSE,北區
2026-08-05,台中新光店,李大華,美妝保養,9,2010,NA,2,TRUE,中區
2026-02-14,高雄漢神店,王小明,美妝保養,8,6840,0.02,4,TRUE,東區
2026-08-12,桃園機場店,劉俊傑,生活用品,10,9060,NA,,TRUE,東區
2026-07-01,N/A,林淑芬,3C 家電,18,3890,NA,,FALSE,南區
2026-01-22,桃園機場店,劉俊傑,美妝保養,13,940,0.18,,FALSE,南區
2026-02-03,台北車站店,張雅婷,3C 家電,3,6060,0.26,4,TRUE,北區
2026-06-01,高雄漢神店,劉俊傑,食品禮盒,1,3830,0.05,2,TRUE,北區
2026-08-10,高雄漢神店,張雅婷,美妝保養,3,5630,0.01,,FALSE,北區
2026-01-22,台北車站店,王小明,食品禮盒,14,870,0.03,3,TRUE,北區
2026-07-12,台中新光店,林淑芬,生活用品,11,9160,NA,4,TRUE,北區
2026-08-18,高雄漢神店,李大華,美妝保養,10,2250,0.14,1,TRUE,南區
2026-07-22,高雄漢神店,李大華,食品禮盒,5,7090,0.26,2,TRUE,中區
2026-01-13,台中新光店,李大華,3C 家電,16,2090,0.26,1,FALSE,中區
2026-05-28,台中新光店,陳美玲,美妝保養,10,1320,0.21,4,FALSE,南區
2026-04-20,桃園機場店,李大華,服飾配件,15,2320,NA,5,FALSE,東區
2026-03-24,桃園機場店,林淑芬,美妝保養,3,260,0.09,3,FALSE,南區
2026-06-09,N/A,張雅婷,服飾配件,2,5120,NA,3,TRUE,北區
2026-06-22,高雄漢神店,林淑芬,美妝保養,8,230,0.04,1,TRUE,未知
2026-07-26,桃園機場店,李大華,生活用品,1,9550,0.18,4,TRUE,中區
2026-03-01,台北車站店,劉俊傑,生活用品,5,4240,0.15,4,FALSE,未知
2026-06-15,高雄漢神店,林淑芬,生活用品,14,3560,0.03,2,TRUE,東區
2026-02-22,高雄漢神店,陳美玲,美妝保養,7,1390,0.23,2,TRUE,中區
2026-04-07,台北車站店,李大華,生活用品,16,8930,NA,5,TRUE,東區
2026-02-21,台北旗艦店,張雅婷,3C 家電,15,5870,NA,4,TRUE,南區
2026-08-14,台北車站店,林淑芬,美妝保養,4,9020,0.20,4,FALSE,未知
2026-01-25,高雄漢神店,陳美玲,服飾配件,5,2420,0.04,2,TRUE,北區
2026-07-25,台北車站店,李大華,生活用品,12,4440,0.12,2,TRUE,未知
2026-04-10,台中新光店,林淑芬,美妝保養,15,7590,0.02,1,TRUE,北區
2026-05-28,台中新光店,林淑芬,美妝保養,11,2440,0.30,1,TRUE,北區
2026-08-23,桃園機場店,張雅婷,服飾配件,7,690,NA,3,TRUE,東區
2026-05-20,台北車站店,陳美玲,服飾配件,15,5220,0.05,2,TRUE,東區
2026-04-11,台北旗艦店,陳美玲,3C 家電,19,9350,0.16,,FALSE,北區
2026-06-07,台北車站店,劉俊傑,3C 家電,16,9510,NA,5,TRUE,北區
2026-03-26,桃園機場店,李大華,服飾配件,5,4680,0.23,,FALSE,東區
2026-06-13,台北車站店,張雅婷,食品禮盒,14,9190,0.15,,FALSE,東區
2026-06-03,台北車站店,劉俊傑,生活用品,13,8970,0.12,,FALSE,北區
2026-08-20,桃園機場店,張雅婷,生活用品,17,8860,0.17,,FALSE,北區
2026-03-20,台中新光店,王小明,食品禮盒,8,5690,0.11,1,TRUE,中區
2026-05-24,台北車站店,林淑芬,美妝保養,2,2860,0.17,,FALSE,北區
2026-01-11,台中新光店,陳美玲,3C 家電,20,990,0.00,4,TRUE,北區
2026-05-22,高雄漢神店,劉俊傑,生活用品,13,3500,0.30,4,FALSE,東區
2026-05-05,桃園機場店,李大華,美妝保養,17,9690,0.14,3,TRUE,未知
2026-04-20,台北旗艦店,張雅婷,美妝保養,19,4610,NA,,TRUE,北區
2026-01-28,高雄漢神店,陳美玲,食品禮盒,5,7850,0.22,,FALSE,中區
2026-04-19,桃園機場店,張雅婷,服飾配件,12,1790,0.25,,FALSE,南區
2026-03-15,高雄漢神店,王小明,美妝保養,12,6000,0.16,,TRUE,南區
2026-06-29,台北車站店,劉俊傑,生活用品,16,3740,0.02,3,TRUE,南區
2026-05-14,高雄漢神店,劉俊傑,服飾配件,10,790,0.25,2,FALSE,南區
2026-02-27,台中新光店,李大華,3C 家電,10,6920,0.26,,TRUE,南區
2026-03-09,桃園機場店,林淑芬,服飾配件,7,3070,0.01,4,FALSE,中區
2026-06-19,桃園機場店,李大華,美妝保養,12,7460,0.01,1,TRUE,北區
2026-08-21,高雄漢神店,陳美玲,3C 家電,17,5350,NA,,FALSE,北區
2026-07-12,高雄漢神店,劉俊傑,食品禮盒,19,2600,0.06,,FALSE,未知
2026-01-06,台中新光店,劉俊傑,服飾配件,4,6980,0.26,,FALSE,中區
2026-08-16,高雄漢神店,李大華,3C 家電,20,4110,0.20,,FALSE,未知
2026-04-20,台北車站店,陳美玲,服飾配件,9,4290,0.23,,FALSE,東區
2026-04-01,高雄漢神店,李大華,美妝保養,8,2560,0.21,4,TRUE,中區
2026-03-07,台北車站店,陳美玲,服飾配件,18,8530,0.20,4,FALSE,北區
2026-01-14,高雄漢神店,陳美玲,服飾配件,6,2870,0.17,1,FALSE,中區
2026-01-26,台中新光店,張雅婷,食品禮盒,5,320,NA,,FALSE,南區
2026-07-24,台北車站店,劉俊傑,美妝保養,2,7440,0.08,4,FALSE,南區
2026-05-03,高雄漢神店,王小明,3C 家電,20,3260,0.10,,TRUE,北區
2026-07-18,台北旗艦店,王小明,服飾配件,19,7780,0.09,,TRUE,南區
2026-01-05,台中新光店,劉俊傑,食品禮盒,14,6310,0.20,3,FALSE,東區
2026-05-21,台北車站店,陳美玲,生活用品,11,7030,0.28,2,FALSE,東區
2026-01-24,高雄漢神店,劉俊傑,3C 家電,11,1490,NA,2,FALSE,北區
2026-02-23,N/A,李大華,生活用品,15,9590,NA,3,TRUE,北區
2026-01-21,台中新光店,王小明,食品禮盒,18,8500,0.07,,TRUE,南區
2026-06-28,台北車站店,陳美玲,生活用品,3,510,0.25,,TRUE,南區
2026-08-22,台北車站店,劉俊傑,美妝保養,3,8830,0.08,3,FALSE,中區
2026-07-31,台北車站店,王小明,食品禮盒,6,6310,0.12,1,TRUE,南區
2026-06-12,桃園機場店,李大華,生活用品,11,8710,0.03,,TRUE,東區
2026-06-29,台中新光店,林淑芬,美妝保養,9,6820,0.22,2,TRUE,南區
2026-06-17,台北車站店,李大華,食品禮盒,10,2410,0.21,3,FALSE,中區
2026-05-29,台中新光店,李大華,3C 家電,2,8370,0.04,,TRUE,北區
2026-03-25,台中新光店,張雅婷,美妝保養,12,1910,0.24,,TRUE,中區
2026-01-29,台北車站店,林淑芬,3C 家電,6,9820,0.10,,FALSE,東區
2026-04-03,台北車站店,李大華,3C 家電,1,8190,0.10,1,FALSE,中區
2026-05-22,台北旗艦店,王小明,美妝保養,16,5200,0.28,3,FALSE,中區
2026-06-08,台中新光店,劉俊傑,生活用品,4,6380,0.15,2,TRUE,北區
2026-03-18,台北車站店,陳美玲,食品禮盒,14,670,0.15,,FALSE,中區
2026-03-28,高雄漢神店,林淑芬,3C 家電,10,5720,0.10,,TRUE,東區
2026-08-25,台北旗艦店,李大華,美妝保養,16,7060,0.27,,TRUE,東區
2026-05-15,台北車站店,林淑芬,服飾配件,17,840,0.28,,TRUE,中區
2026-05-09,台中新光店,張雅婷,美妝保養,6,4880,0.24,3,FALSE,南區
2026-04-12,桃園機場店,陳美玲,食品禮盒,9,2700,0.08,,FALSE,中區
2026-04-24,桃園機場店,陳美玲,生活用品,13,640,0.28,1,FALSE,中區
2026-01-26,桃園機場店,張雅婷,3C 家電,7,4840,0.24,,TRUE,北區
2026-04-12,台中新光店,陳美玲,服飾配件,20,2850,0.16,2,TRUE,東區
2026-04-26,台中新光店,陳美玲,美妝保養,1,4560,NA,,FALSE,東區
2026-05-09,N/A,劉俊傑,生活用品,16,7030,0.19,2,TRUE,未知
2026-08-08,台北車站店,劉俊傑,美妝保養,18,8630,NA,1,FALSE,東區
2026-05-20,高雄漢神店,陳美玲,3C 家電,6,3410,NA,3,TRUE,北區
2026-07-15,桃園機場店,陳美玲,食品禮盒,9,5540,NA,,FALSE,北區
2026-02-14,高雄漢神店,張雅婷,服飾配件,16,1740,0.22,2,FALSE,北區
2026-03-21,桃園機場店,林淑芬,服飾配件,12,1260,0.24,5,TRUE,中區
2026-06-18,台北車站店,林淑芬,美妝保養,7,4330,0.21,1,TRUE,中區
2026-06-19,高雄漢神店,李大華,服飾配件,11,3760,0.09,,FALSE,南區
2026-04-02,高雄漢神店,王小明,3C 家電,11,3320,0.29,,TRUE,南區
2026-02-24,桃園機場店,劉俊傑,美妝保養,10,4250,0.08,4,TRUE,未知
2026-01-21,高雄漢神店,李大華,生活用品,2,6230,0.20,,FALSE,北區
2026-05-13,桃園機場店,李大華,服飾配件,1,3860,0.14,5,TRUE,中區
2026-04-23,台北車站店,王小明,生活用品,19,5800,0.15,1,TRUE,中區
2026-06-18,台北車站店,劉俊傑,食品禮盒,18,9170,0.13,4,FALSE,南區
2026-07-20,高雄漢神店,王小明,服飾配件,13,2350,0.29,,FALSE,北區
2026-05-27,高雄漢神店,林淑芬,食品禮盒,8,4760,NA,1,TRUE,東區
2026-08-02,高雄漢神店,林淑芬,生活用品,16,9020,NA,,FALSE,北區
2026-06-14,高雄漢神店,劉俊傑,美妝保養,18,8320,0.17,5,TRUE,南區
2026-05-30,桃園機場店,劉俊傑,服飾配件,10,4910,0.16,,FALSE,南區
2026-08-14,台北旗艦店,劉俊傑,3C 家電,6,850,0.07,,FALSE,東區
2026-07-15,台中新光店,張雅婷,食品禮盒,7,3850,0.06,2,TRUE,南區
2026-07-26,台北旗艦店,張雅婷,美妝保養,4,4210,0.19,4,TRUE,北區
2026-01-18,台北旗艦店,王小明,食品禮盒,1,5490,0.27,1,FALSE,東區
2026-03-09,台北車站店,林淑芬,生活用品,9,6280,0.20,2,FALSE,南區
2026-08-18,台北旗艦店,王小明,美妝保養,7,8020,0.13,4,TRUE,南區
2026-04-22,台北車站店,林淑芬,生活用品,11,330,0.06,1,FALSE,南區
2026-08-12,台中新光店,劉俊傑,服飾配件,18,9030,0.29,3,TRUE,中區
2026-02-19,台中新光店,陳美玲,食品禮盒,20,1020,0.12,1,TRUE,東區
2026-07-09,台北旗艦店,李大華,美妝保養,15,5130,NA,3,TRUE,南區
2026-07-11,高雄漢神店,林淑芬,生活用品,3,6970,0.06,3,FALSE,北區
2026-08-07,高雄漢神店,陳美玲,3C 家電,4,730,0.30,,FALSE,北區
2026-08-26,台中新光店,李大華,服飾配件,19,8610,0.04,,TRUE,中區
2026-05-17,N/A,張雅婷,生活用品,3,7300,0.23,5,FALSE,未知
2026-07-15,台北車站店,王小明,食品禮盒,2,630,0.04,,FALSE,未知
2026-07-01,桃園機場店,林淑芬,生活用品,20,5050,0.11,4,FALSE,東區
2026-07-21,台北旗艦店,陳美玲,3C 家電,18,1260,0.20,,TRUE,南區
2026-03-29,台北旗艦店,張雅婷,服飾配件,6,9100,0.01,5,FALSE,北區
2026-06-03,高雄漢神店,林淑芬,美妝保養,12,5190,0.23,3,TRUE,南區
2026-07-08,桃園機場店,李大華,生活用品,13,1880,NA,1,FALSE,東區
2026-06-07,台北車站店,陳美玲,生活用品,10,7570,NA,,TRUE,南區
2026-05-18,高雄漢神店,李大華,生活用品,3,5300,0.18,4,FALSE,南區
2026-08-07,台北車站店,李大華,生活用品,9,8500,0.12,5,TRUE,南區
2026-05-09,台北旗艦店,林淑芬,美妝保養,5,5970,0.03,,FALSE,北區
2026-07-06,台北旗艦店,劉俊傑,食品禮盒,15,910,0.22,1,TRUE,中區
2026-04-20,桃園機場店,劉俊傑,3C 家電,16,3520,0.03,,TRUE,東區
2026-01-05,台北車站店,李大華,食品禮盒,11,2590,0.03,,TRUE,中區
2026-03-12,台中新光店,陳美玲,食品禮盒,11,1700,0.15,1,TRUE,南區
2026-04-21,台北車站店,陳美玲,美妝保養,17,4540,0.18,3,TRUE,南區
2026-04-11,台北旗艦店,李大華,食品禮盒,11,4350,0.17,,FALSE,東區
2026-04-07,高雄漢神店,王小明,生活用品,14,3350,0.10,,TRUE,未知
2026-04-17,桃園機場店,劉俊傑,生活用品,13,8180,0.11,,FALSE,中區
2026-01-14,高雄漢神店,林淑芬,食品禮盒,2,1630,0.27,,TRUE,東區
2026-05-09,台北車站店,陳美玲,食品禮盒,4,5890,0.17,3,TRUE,東區
2026-01-26,桃園機場店,陳美玲,美妝保養,1,9260,NA,2,TRUE,北區
2026-05-12,桃園機場店,李大華,食品禮盒,9,4680,0.06,2,FALSE,南區
2026-02-03,N/A,林淑芬,生活用品,1,2490,0.10,5,TRUE,北區
2026-03-15,台中新光店,李大華,3C 家電,17,9270,0.18,4,FALSE,未知
2026-02-03,桃園機場店,陳美玲,美妝保養,7,7920,NA,,FALSE,南區
2026-02-16,高雄漢神店,陳美玲,美妝保養,6,710,0.10,,TRUE,中區
2026-07-28,台中新光店,張雅婷,3C 家電,9,8330,0.14,5,FALSE,中區
2026-03-12,高雄漢神店,張雅婷,美妝保養,15,8940,0.00,1,FALSE,南區
2026-02-16,台北旗艦店,林淑芬,3C 家電,12,6870,0.04,4,TRUE,未知
2026-01-19,N/A,林淑芬,美妝保養,20,9740,0.25,,TRUE,東區
2026-02-14,桃園機場店,張雅婷,3C 家電,3,8240,NA,1,TRUE,未知
2026-03-24,台北車站店,林淑芬,美妝保養,20,6720,0.16,,FALSE,南區
2026-05-04,台北旗艦店,李大華,服飾配件,2,4740,0.06,,FALSE,中區
2026-03-30,高雄漢神店,林淑芬,美妝保養,7,3920,0.28,3,TRUE,南區
2026-04-20,台北旗艦店,李大華,食品禮盒,4,6830,NA,4,TRUE,南區
2026-03-26,台中新光店,劉俊傑,服飾配件,8,9440,NA,5,FALSE,未知
2026-08-21,桃園機場店,李大華,食品禮盒,12,9920,0.22,,FALSE,南區
2026-05-19,台中新光店,王小明,3C 家電,5,5710,0.15,3,TRUE,南區
2026-07-01,台中新光店,王小明,美妝保養,6,630,0.16,5,TRUE,南區
2026-03-04,桃園機場店,林淑芬,美妝保養,3,8770,0.29,,TRUE,北區
2026-02-18,台中新光店,王小明,生活用品,13,3880,0.29,4,FALSE,北區
2026-01-14,桃園機場店,劉俊傑,服飾配件,4,5960,0.05,2,FALSE,未知
2026-05-12,台中新光店,陳美玲,3C 家電,19,3220,0.28,2,FALSE,中區
2026-01-20,台中新光店,王小明,食品禮盒,6,8360,0.30,1,TRUE,中區
2026-03-15,台中新光店,張雅婷,生活用品,15,6720,0.21,1,TRUE,南區
2026-06-26,台北車站店,林淑芬,美妝保養,1,5360,0.12,2,TRUE,北區
2026-07-30,桃園機場店,劉俊傑,美妝保養,1,970,0.02,1,FALSE,東區
2026-06-29,高雄漢神店,劉俊傑,生活用品,14,5850,NA,5,TRUE,北區
2026-08-17,台北旗艦店,張雅婷,服飾配件,17,1170,0.28,5,TRUE,東區
2026-05-05,台北旗艦店,陳美玲,食品禮盒,4,5420,NA,,TRUE,中區
2026-05-18,桃園機場店,王小明,3C 家電,18,9010,0.21,,FALSE,北區
2026-07-13,台中新光店,李大華,美妝保養,2,7070,0.24,1,TRUE,南區
2026-05-04,台北旗艦店,陳美玲,美妝保養,12,7790,0.07,3,FALSE,南區
2026-05-15,台北車站店,陳美玲,服飾配件,7,6780,0.15,3,FALSE,南區
2026-08-07,台北旗艦店,陳美玲,生活用品,13,2180,0.00,4,FALSE,北區
2026-06-07,台北旗艦店,李大華,美妝保養,20,4900,0.11,,TRUE,中區
2026-01-29,桃園機場店,林淑芬,服飾配件,19,7620,0.29,5,FALSE,中區
2026-02-08,台中新光店,李大華,美妝保養,18,7310,0.24,1,TRUE,南區
2026-06-12,台北旗艦店,劉俊傑,美妝保養,14,9110,0.29,1,TRUE,南區
2026-08-07,台中新光店,張雅婷,服飾配件,4,5330,0.26,4,TRUE,北區
2026-01-12,桃園機場店,張雅婷,生活用品,19,3070,0.05,1,TRUE,東區
2026-08-08,桃園機場店,陳美玲,美妝保養,8,5860,0.02,,FALSE,東區
2026-02-21,桃園機場店,張雅婷,生活用品,13,9670,0.24,3,TRUE,東區
2026-03-21,台中新光店,李大華,3C 家電,19,4830,0.04,5,TRUE,北區
2026-05-30,高雄漢神店,李大華,食品禮盒,13,3370,0.22,3,TRUE,未知
2026-08-25,台北旗艦店,王小明,食品禮盒,2,5250,0.08,1,FALSE,東區
2026-02-16,台北車站店,王小明,美妝保養,20,3950,NA,1,FALSE,南區
2026-02-08,台北車站店,陳美玲,食品禮盒,17,3030,0.21,,TRUE,東區
2026-01-22,高雄漢神店,張雅婷,3C 家電,2,4940,NA,2,TRUE,北區
2026-03-27,桃園機場店,王小明,美妝保養,16,9220,NA,2,TRUE,南區
2026-04-28,台北旗艦店,張雅婷,生活用品,3,4210,NA,,TRUE,未知
2026-03-26,高雄漢神店,陳美玲,食品禮盒,13,8880,0.27,5,TRUE,中區
2026-04-10,高雄漢神店,林淑芬,美妝保養,5,6020,0.00,1,TRUE,東區
2026-05-30,高雄漢神店,李大華,美妝保養,2,1810,0.03,,FALSE,東區
2026-01-04,台北旗艦店,陳美玲,食品禮盒,8,9510,0.02,4,FALSE,中區
2026-05-05,台北旗艦店,劉俊傑,3C 家電,15,3120,0.13,5,TRUE,未知
2026-05-20,高雄漢神店,張雅婷,生活用品,15,1330,0.22,,TRUE,未知
2026-04-29,台中新光店,張雅婷,食品禮盒,2,7770,0.16,2,TRUE,中區
2026-01-30,桃園機場店,劉俊傑,食品禮盒,12,6770,0.12,,TRUE,南區
2026-05-14,N/A,陳美玲,3C 家電,12,8270,0.01,2,FALSE,中區
2026-08-26,台北車站店,劉俊傑,食品禮盒,7,3430,0.17,3,TRUE,東區
2026-07-19,台北車站店,王小明,生活用品,8,6340,0.19,4,TRUE,東區
2026-02-06,桃園機場店,林淑芬,美妝保養,17,5970,0.03,,TRUE,南區
2026-05-24,高雄漢神店,陳美玲,美妝保養,6,2060,0.07,,FALSE,南區
2026-07-15,台北旗艦店,劉俊傑,美妝保養,10,5510,NA,,TRUE,北區
2026-03-12,台中新光店,張雅婷,3C 家電,15,5480,0.18,2,TRUE,南區
2026-04-15,N/A,王小明,美妝保養,6,530,NA,4,FALSE,東區
2026-04-22,桃園機場店,劉俊傑,3C 家電,14,8960,0.10,5,FALSE,北區
2026-07-01,桃園機場店,劉俊傑,生活用品,18,220,0.27,,TRUE,南區
2026-01-13,桃園機場店,林淑芬,美妝保養,13,3600,0.10,1,TRUE,東區
2026-07-03,台北車站店,李大華,3C 家電,13,4920,0.13,,TRUE,中區
2026-07-14,高雄漢神店,王小明,3C 家電,7,3970,0.10,3,TRUE,北區
2026-04-15,桃園機場店,李大華,服飾配件,4,9450,NA,3,FALSE,北區
2026-04-12,台北車站店,張雅婷,服飾配件,20,7050,0.09,5,TRUE,北區
2026-04-08,台中新光店,李大華,美妝保養,19,710,0.16,,TRUE,南區
2026-05-09,台北旗艦店,林淑芬,服飾配件,3,2520,0.14,3,TRUE,東區
2026-06-14,台北旗艦店,劉俊傑,生活用品,1,4320,0.08,1,TRUE,北區
2026-02-24,台北旗艦店,李大華,食品禮盒,19,1290,NA,5,FALSE,北區
2026-05-26,高雄漢神店,王小明,生活用品,4,9220,0.03,1,FALSE,中區
2026-03-29,台北車站店,林淑芬,食品禮盒,7,8930,NA,5,FALSE,北區
2026-08-11,台中新光店,陳美玲,食品禮盒,16,7120,0.12,1,FALSE,南區
2026-03-27,高雄漢神店,林淑芬,食品禮盒,9,5270,NA,5,TRUE,中區
2026-02-11,台中新光店,林淑芬,生活用品,8,3860,0.30,,FALSE,中區
2026-08-09,台北車站店,張雅婷,服飾配件,13,7780,NA,3,TRUE,北區
2026-04-06,台中新光店,劉俊傑,3C 家電,2,8130,NA,2,TRUE,南區
2026-03-25,台北旗艦店,王小明,食品禮盒,16,4500,0.10,2,FALSE,南區
2026-02-25,台中新光店,張雅婷,生活用品,2,9370,0.15,2,TRUE,南區
2026-08-23,台北旗艦店,林淑芬,3C 家電,18,4130,0.08,3,TRUE,中區
2026-05-12,桃園機場店,李大華,生活用品,1,5760,0.14,,FALSE,中區
2026-01-07,台北車站店,王小明,生活用品,15,8090,0.14,4,FALSE,北區
2026-08-14,高雄漢神店,林淑芬,服飾配件,15,250,0.19,1,FALSE,未知
2026-05-10,台北旗艦店,李大華,服飾配件,10,4910,0.15,4,FALSE,東區
2026-07-19,台中新光店,林淑芬,食品禮盒,15,1130,0.25,5,FALSE,南區
2026-05-31,台中新光店,陳美玲,美妝保養,15,9010,0.08,4,FALSE,中區
2026-08-10,桃園機場店,李大華,食品禮盒,17,4760,0.08,5,TRUE,南區
2026-05-06,N/A,林淑芬,食品禮盒,15,3120,0.27,,FALSE,中區
2026-08-14,台中新光店,林淑芬,食品禮盒,15,8620,0.16,3,TRUE,東區
2026-06-15,台北車站店,陳美玲,食品禮盒,3,4200,0.25,4,FALSE,東區
2026-07-11,台北車站店,李大華,美妝保養,4,810,NA,1,TRUE,未知
2026-04-04,桃園機場店,林淑芬,食品禮盒,7,4150,0.28,4,FALSE,北區
2026-08-15,台中新光店,王小明,食品禮盒,9,3700,0.12,5,TRUE,中區
2026-05-16,高雄漢神店,劉俊傑,服飾配件,8,5900,0.25,4,FALSE,東區
2026-05-09,台中新光店,林淑芬,生活用品,18,9620,0.28,2,TRUE,中區
2026-01-26,台北車站店,林淑芬,食品禮盒,16,2800,0.14,3,TRUE,南區
2026-07-21,桃園機場店,王小明,服飾配件,10,5340,0.24,1,TRUE,北區
2026-06-11,桃園機場店,林淑芬,食品禮盒,13,1820,0.04,5,TRUE,北區
2026-05-02,高雄漢神店,林淑芬,3C 家電,4,8880,0.14,4,TRUE,南區
2026-08-03,桃園機場店,張雅婷,生活用品,2,3000,0.10,1,FALSE,北區
2026-01-04,台北車站店,李大華,美妝保養,7,5190,0.03,1,TRUE,未知
2026-08-13,台北旗艦店,劉俊傑,服飾配件,20,8910,0.13,2,TRUE,北區
2026-08-26,台北車站店,劉俊傑,生活用品,1,7830,0.09,1,TRUE,南區
2026-06-09,台北旗艦店,張雅婷,服飾配件,12,650,0.25,4,TRUE,北區
2026-05-15,台中新光店,李大華,美妝保養,2,4650,0.09,5,FALSE,中區
2026-04-05,台中新光店,劉俊傑,美妝保養,11,4850,0.05,2,TRUE,南區
2026-08-16,台北旗艦店,張雅婷,服飾配件,3,4370,NA,,FALSE,中區
2026-02-14,台北車站店,李大華,3C 家電,12,7230,NA,5,TRUE,未知
2026-04-18,台北旗艦店,王小明,生活用品,19,1330,0.28,,TRUE,東區
2026-06-29,台中新光店,陳美玲,生活用品,8,4300,0.22,4,FALSE,中區
2026-01-09,N/A,林淑芬,生活用品,11,260,NA,1,FALSE,東區
2026-05-05,高雄漢神店,陳美玲,美妝保養,14,3470,0.15,5,FALSE,東區
2026-01-14,台中新光店,林淑芬,美妝保養,20,8990,0.11,5,TRUE,未知
2026-06-13,台中新光店,陳美玲,食品禮盒,7,6410,0.07,5,TRUE,中區
2026-08-18,台中新光店,李大華,3C 家電,20,9550,0.20,2,TRUE,南區
2026-06-02,高雄漢神店,劉俊傑,美妝保養,16,2020,0.06,1,TRUE,東區
2026-06-26,台北旗艦店,王小明,服飾配件,1,830,NA,2,FALSE,南區
2026-08-17,N/A,劉俊傑,3C 家電,10,1510,NA,,FALSE,北區
2026-04-07,高雄漢神店,林淑芬,3C 家電,19,7680,0.28,1,FALSE,中區
2026-01-26,台中新光店,李大華,3C 家電,7,4630,0.04,,TRUE,中區
2026-08-07,台北車站店,林淑芬,美妝保養,9,7360,NA,2,TRUE,東區
2026-05-26,桃園機場店,張雅婷,食品禮盒,18,9500,0.23,,TRUE,中區
2026-07-03,台中新光店,王小明,3C 家電,20,4950,0.24,,FALSE,南區
2026-03-17,台北車站店,劉俊傑,3C 家電,9,7740,0.13,3,TRUE,南區
2026-05-16,桃園機場店,陳美玲,3C 家電,12,6440,0.28,,TRUE,未知
2026-05-24,台中新光店,陳美玲,美妝保養,8,9970,0.17,4,TRUE,東區
2026-03-14,台北旗艦店,林淑芬,食品禮盒,11,7520,0.19,1,TRUE,北區
2026-06-28,桃園機場店,李大華,服飾配件,10,6020,0.01,1,FALSE,南區
2026-01-08,台北旗艦店,張雅婷,美妝保養,10,7130,0.25,2,TRUE,南區
2026-06-19,台北車站店,張雅婷,生活用品,3,9180,0.03,5,TRUE,北區
2026-06-24,台北車站店,張雅婷,生活用品,12,7600,NA,4,FALSE,未知
2026-02-24,台北車站店,林淑芬,生活用品,13,9330,0.05,4,TRUE,北區
2026-05-22,桃園機場店,王小明,食品禮盒,3,9110,0.06,1,FALSE,南區
2026-01-07,高雄漢神店,林淑芬,服飾配件,14,3450,NA,5,TRUE,東區
2026-01-27,台中新光店,張雅婷,生活用品,9,9060,NA,5,FALSE,未知
2026-03-21,台北車站店,王小明,生活用品,4,3560,0.11,1,TRUE,中區
2026-08-27,台北旗艦店,李大華,食品禮盒,10,790,0.08,2,FALSE,東區
2026-01-02,台北車站店,王小明,生活用品,4,8890,0.04,,FALSE,中區
2026-06-23,台北車站店,林淑芬,生活用品,18,7500,0.06,5,TRUE,中區
2026-05-12,桃園機場店,林淑芬,食品禮盒,16,5100,0.14,5,TRUE,北區
2026-03-09,桃園機場店,李大華,生活用品,13,3460,0.22,2,TRUE,南區
2026-08-07,高雄漢神店,劉俊傑,美妝保養,3,560,0.22,2,TRUE,東區
2026-01-04,桃園機場店,劉俊傑,服飾配件,8,4320,0.21,4,FALSE,中區
2026-03-24,桃園機場店,王小明,服飾配件,10,7610,0.15,5,TRUE,東區
2026-01-01,高雄漢神店,李大華,3C 家電,7,770,0.29,,FALSE,東區
2026-08-15,桃園機場店,陳美玲,服飾配件,15,770,0.12,,TRUE,南區
2026-02-25,台中新光店,張雅婷,3C 家電,17,770,0.05,4,TRUE,北區
2026-08-16,桃園機場店,陳美玲,服飾配件,16,7010,0.26,,TRUE,中區
2026-05-26,台中新光店,劉俊傑,3C 家電,6,7440,0.20,3,TRUE,中區
2026-05-20,N/A,陳美玲,美妝保養,16,7780,NA,,FALSE,中區
2026-05-14,桃園機場店,王小明,生活用品,18,2200,0.28,,TRUE,南區
2026-02-23,桃園機場店,陳美玲,食品禮盒,15,380,0.28,1,FALSE,東區
2026-01-21,台中新光店,張雅婷,美妝保養,5,1190,0.00,4,FALSE,未知
2026-03-12,台北車站店,張雅婷,食品禮盒,20,8540,0.18,,FALSE,中區
2026-05-27,高雄漢神店,劉俊傑,生活用品,20,5000,0.20,3,TRUE,中區
2026-04-16,桃園機場店,李大華,美妝保養,1,630,NA,2,FALSE,中區
2026-02-24,台北車站店,張雅婷,3C 家電,19,1160,0.03,2,FALSE,東區
2026-06-29,台北車站店,劉俊傑,食品禮盒,2,6650,0.10,4,TRUE,未知
2026-06-26,桃園機場店,林淑芬,食品禮盒,11,6120,0.08,1,FALSE,北區
2026-07-06,台北車站店,李大華,3C 家電,18,4560,0.15,,FALSE,中區
2026-03-12,高雄漢神店,劉俊傑,美妝保養,10,630,0.11,2,FALSE,北區
2026-02-19,桃園機場店,李大華,食品禮盒,5,2170,0.10,2,FALSE,中區
2026-06-01,台北車站店,林淑芬,3C 家電,4,3930,0.07,,TRUE,東區
2026-04-11,台北車站店,林淑芬,生活用品,2,2750,0.25,2,FALSE,北區
2026-05-19,高雄漢神店,林淑芬,生活用品,6,5700,0.25,,TRUE,北區
2026-08-27,台中新光店,陳美玲,服飾配件,14,6800,NA,5,TRUE,北區
2026-03-12,台中新光店,陳美玲,服飾配件,11,8840,0.24,4,TRUE,北區
2026-07-23,台北車站店,王小明,服飾配件,10,3770,NA,2,FALSE,東區
2026-08-21,台北車站店,李大華,食品禮盒,15,2980,NA,,TRUE,北區
2026-01-01,台北車站店,張雅婷,食品禮盒,19,7640,0.09,4,TRUE,南區
2026-03-04,台中新光店,林淑芬,服飾配件,1,320,0.23,3,TRUE,南區
2026-07-19,台中新光店,劉俊傑,食品禮盒,18,4370,0.10,1,TRUE,北區
2026-07-12,台北車站店,陳美玲,3C 家電,4,870,NA,3,FALSE,未知
2026-07-22,桃園機場店,王小明,3C 家電,19,1280,0.00,,TRUE,北區
2026-02-15,台中新光店,陳美玲,生活用品,10,4790,0.28,3,TRUE,南區
2026-07-21,台北旗艦店,王小明,美妝保養,8,9810,0.26,,TRUE,南區
2026-06-17,台中新光店,李大華,美妝保養,16,3010,0.28,2,FALSE,南區
2026-04-15,台北車站店,李大華,美妝保養,15,6150,0.28,1,TRUE,中區
2026-05-13,桃園機場店,王小明,生活用品,18,9850,0.24,,FALSE,東區
2026-06-23,高雄漢神店,劉俊傑,美妝保養,7,8690,NA,4,TRUE,南區
2026-03-02,台北旗艦店,林淑芬,美妝保養,1,2840,0.16,,FALSE,南區
2026-08-12,台北旗艦店,王小明,生活用品,6,4050,0.04,,FALSE,中區
2026-05-04,台中新光店,王小明,3C 家電,3,3910,0.24,4,TRUE,東區
2026-06-23,台北旗艦店,林淑芬,生活用品,15,8250,0.17,1,TRUE,南區
2026-07-12,桃園機場店,劉俊傑,美妝保養,20,9260,NA,,FALSE,東區
2026-08-03,桃園機場店,王小明,美妝保養,3,1510,0.13,1,TRUE,中區
2026-07-15,台北旗艦店,林淑芬,3C 家電,19,4180,0.20,5,TRUE,中區
2026-01-19,桃園機場店,陳美玲,食品禮盒,3,8000,NA,4,TRUE,南區
2026-07-13,台北旗艦店,王小明,生活用品,16,2130,0.09,1,TRUE,未知
2026-07-24,桃園機場店,李大華,3C 家電,1,4160,0.23,,TRUE,北區
2026-01-21,高雄漢神店,陳美玲,美妝保養,19,9310,0.26,1,FALSE,東區
2026-07-18,高雄漢神店,張雅婷,3C 家電,18,3710,NA,4,FALSE,南區
2026-05-30,台中新光店,劉俊傑,生活用品,7,4010,0.20,2,TRUE,北區
2026-02-05,台北旗艦店,劉俊傑,食品禮盒,13,500,NA,1,TRUE,中區
2026-07-05,台北旗艦店,張雅婷,生活用品,8,9850,0.25,1,FALSE,中區
2026-02-13,桃園機場店,李大華,食品禮盒,14,4260,0.02,2,TRUE,中區
2026-08-10,台北旗艦店,陳美玲,生活用品,6,9030,0.15,2,TRUE,南區
2026-06-21,台北車站店,林淑芬,3C 家電,14,1890,0.29,,TRUE,東區
2026-04-28,台北旗艦店,劉俊傑,服飾配件,1,1850,0.15,1,FALSE,中區
2026-05-09,桃園機場店,劉俊傑,食品禮盒,8,8520,0.25,5,FALSE,中區
2026-08-06,台北旗艦店,王小明,3C 家電,15,8020,0.23,4,TRUE,中區
2026-03-05,台中新光店,林淑芬,食品禮盒,18,1410,0.03,2,FALSE,北區
2026-03-06,台中新光店,李大華,3C 家電,19,3120,0.08,4,TRUE,東區
2026-02-12,高雄漢神店,張雅婷,生活用品,2,2280,0.18,,FALSE,未知
2026-04-05,台中新光店,張雅婷,生活用品,7,9460,0.23,5,TRUE,南區
2026-05-03,高雄漢神店,張雅婷,美妝保養,9,4610,0.06,3,FALSE,北區
2026-06-28,台中新光店,張雅婷,3C 家電,2,3540,0.13,3,TRUE,東區
2026-05-30,台北車站店,劉俊傑,美妝保養,20,580,0.23,5,FALSE,北區
2026-07-01,台中新光店,張雅婷,生活用品,14,6410,0.19,1,TRUE,南區
2026-06-21,桃園機場店,李大華,3C 家電,17,7030,0.22,,TRUE,未知
2026-01-16,台北車站店,劉俊傑,3C 家電,13,8820,0.19,4,TRUE,東區
2026-07-17,高雄漢神店,李大華,3C 家電,1,6470,0.09,,TRUE,南區
2026-04-07,高雄漢神店,林淑芬,服飾配件,19,4980,0.06,,TRUE,中區
2026-04-02,台北車站店,陳美玲,美妝保養,10,9870,NA,,FALSE,南區
2026-06-03,台中新光店,王小明,服飾配件,13,300,0.02,5,TRUE,南區
2026-08-08,桃園機場店,林淑芬,服飾配件,17,6830,0.14,1,TRUE,南區
2026-05-04,桃園機場店,陳美玲,3C 家電,19,2210,0.02,1,TRUE,東區
2026-04-25,高雄漢神店,劉俊傑,生活用品,20,6880,NA,5,TRUE,中區
2026-05-09,桃園機場店,劉俊傑,服飾配件,15,9000,0.18,,TRUE,南區
2026-01-19,台北旗艦店,李大華,服飾配件,9,3100,0.19,3,TRUE,南區
2026-04-22,台北旗艦店,陳美玲,生活用品,10,6250,NA,5,TRUE,北區
2026-05-25,台中新光店,李大華,美妝保養,4,9450,0.16,5,TRUE,南區
2026-02-28,高雄漢神店,劉俊傑,美妝保養,5,3560,0.16,4,TRUE,北區
2026-06-22,台北車站店,陳美玲,食品禮盒,6,6510,0.09,,FALSE,北區
2026-06-15,桃園機場店,劉俊傑,生活用品,15,7260,0.01,2,TRUE,南區
2026-06-08,桃園機場店,劉俊傑,服飾配件,8,5670,NA,2,FALSE,南區
2026-07-05,桃園機場店,王小明,服飾配件,16,1490,NA,3,FALSE,南區
2026-06-04,台北旗艦店,王小明,美妝保養,18,3130,0.22,,TRUE,中區
2026-08-15,台北車站店,張雅婷,美妝保養,4,470,NA,,TRUE,南區
2026-04-24,N/A,李大華,服飾配件,15,4960,0.07,,TRUE,中區
2026-08-04,台北旗艦店,林淑芬,3C 家電,10,7710,0.16,4,TRUE,中區
2026-01-30,台北旗艦店,李大華,服飾配件,20,7420,0.17,4,FALSE,東區
2026-03-20,台北車站店,李大華,3C 家電,8,8200,0.16,5,TRUE,南區
2026-07-06,高雄漢神店,王小明,美妝保養,8,4500,0.09,1,FALSE,東區
2026-06-07,高雄漢神店,王小明,服飾配件,16,9540,0.15,5,TRUE,東區
2026-03-31,桃園機場店,陳美玲,生活用品,13,7960,0.09,,TRUE,中區
2026-08-11,桃園機場店,劉俊傑,服飾配件,17,9930,0.13,3,FALSE,北區
2026-06-13,台北旗艦店,劉俊傑,服飾配件,9,6630,0.02,4,FALSE,中區
2026-08-04,台北車站店,林淑芬,服飾配件,5,3180,0.25,,FALSE,北區
2026-06-13,高雄漢神店,李大華,美妝保養,3,6200,0.02,3,FALSE,中區
2026-04-26,高雄漢神店,陳美玲,美妝保養,20,6140,0.10,5,TRUE,北區
2026-05-26,台中新光店,李大華,美妝保養,2,1720,0.04,4,TRUE,未知
2026-02-19,台北車站店,王小明,服飾配件,18,2660,NA,4,FALSE,東區
2026-02-25,台中新光店,李大華,食品禮盒,15,4640,NA,2,TRUE,東區
2026-04-18,台北旗艦店,林淑芬,3C 家電,15,4650,0.26,5,TRUE,南區
2026-01-26,台北旗艦店,陳美玲,美妝保養,16,7820,0.25,4,TRUE,未知
2026-08-02,台北車站店,陳美玲,生活用品,2,990,0.04,1,TRUE,北區
2026-06-25,桃園機場店,劉俊傑,3C 家電,2,9620,0.29,,FALSE,北區
2026-04-26,N/A,陳美玲,3C 家電,1,2040,0.22,,FALSE,東區
2026-06-14,高雄漢神店,張雅婷,食品禮盒,18,4770,0.27,2,TRUE,中區
2026-08-11,台北車站店,李大華,生活用品,3,7810,0.18,2,FALSE,東區
2026-06-07,N/A,林淑芬,美妝保養,2,5280,0.06,1,FALSE,北區
2026-08-09,台北旗艦店,陳美玲,食品禮盒,3,5930,0.03,2,FALSE,東區
2026-06-14,台北旗艦店,陳美玲,生活用品,11,1480,0.08,2,TRUE,北區
2026-07-31,台北車站店,王小明,服飾配件,6,7870,0.30,3,TRUE,東區
2026-08-20,台北車站店,林淑芬,美妝保養,2,610,0.10,3,TRUE,中區
2026-02-08,高雄漢神店,林淑芬,3C 家電,3,5420,0.14,1,FALSE,中區
2026-04-23,桃園機場店,李大華,食品禮盒,15,6030,0.18,3,FALSE,南區
2026-01-27,高雄漢神店,劉俊傑,食品禮盒,3,2400,0.24,5,FALSE,未知
2026-02-22,桃園機場店,林淑芬,美妝保養,10,8960,0.07,3,TRUE,中區
2026-06-17,台中新光店,李大華,服飾配件,18,3760,NA,3,TRUE,北區
2026-07-15,桃園機場店,李大華,生活用品,16,6740,0.15,1,TRUE,未知
2026-01-02,桃園機場店,王小明,食品禮盒,11,2200,0.29,2,FALSE,未知
2026-08-13,桃園機場店,張雅婷,美妝保養,10,8470,NA,,FALSE,中區
2026-06-16,台中新光店,王小明,服飾配件,10,6750,0.28,3,TRUE,中區
2026-07-03,桃園機場店,李大華,美妝保養,16,1940,0.04,3,TRUE,北區
2026-08-28,桃園機場店,劉俊傑,食品禮盒,3,1670,0.14,4,FALSE,北區
2026-03-17,台中新光店,林淑芬,生活用品,14,320,0.10,5,TRUE,南區
2026-03-24,台中新光店,王小明,服飾配件,15,5730,0.27,2,TRUE,東區
2026-07-03,桃園機場店,劉俊傑,美妝保養,6,5760,NA,3,FALSE,北區
2026-05-14,桃園機場店,李大華,食品禮盒,7,4610,0.14,,FALSE,南區
2026-07-08,台中新光店,林淑芬,食品禮盒,14,2150,0.17,,FALSE,中區
2026-04-20,高雄漢神店,林淑芬,生活用品,10,6140,0.08,5,TRUE,東區
2026-06-22,桃園機場店,林淑芬,食品禮盒,17,4360,0.06,,FALSE,北區
2026-08-01,台中新光店,林淑芬,美妝保養,9,7050,0.16,3,TRUE,中區
2026-06-06,台中新光店,林淑芬,服飾配件,13,5010,NA,1,TRUE,東區
2026-07-26,台北旗艦店,劉俊傑,食品禮盒,1,1750,0.22,1,TRUE,南區
2026-03-13,桃園機場店,陳美玲,3C 家電,15,9530,0.26,,FALSE,東區
2026-04-07,台北車站店,林淑芬,美妝保養,7,5530,0.03,5,FALSE,北區
2026-08-03,高雄漢神店,陳美玲,3C 家電,18,4810,0.01,,FALSE,東區
2026-06-06,N/A,王小明,食品禮盒,17,4640,0.23,3,TRUE,北區
2026-02-16,台中新光店,林淑芬,3C 家電,2,4660,0.12,,TRUE,北區
2026-04-29,台北車站店,李大華,生活用品,8,3380,0.28,2,TRUE,北區
2026-01-05,台中新光店,李大華,食品禮盒,8,7100,0.15,4,FALSE,北區
2026-03-01,台北車站店,陳美玲,食品禮盒,12,9800,0.20,,TRUE,北區
2026-08-21,台北車站店,李大華,服飾配件,8,9720,0.10,3,TRUE,未知
2026-08-08,台北旗艦店,張雅婷,食品禮盒,11,1570,0.23,5,FALSE,北區
2026-01-07,台中新光店,陳美玲,3C 家電,1,330,0.25,5,TRUE,北區
2026-07-11,台北車站店,王小明,美妝保養,1,8900,0.26,4,TRUE,中區
2026-03-24,台北車站店,王小明,美妝保養,18,5790,0.11,5,FALSE,東區
2026-08-05,桃園機場店,陳美玲,美妝保養,11,6410,0.27,1,FALSE,南區
2026-03-22,台北車站店,陳美玲,食品禮盒,15,2390,0.26,5,FALSE,北區
2026-05-30,桃園機場店,王小明,生活用品,8,8010,NA,2,FALSE,南區
2026-04-26,台北旗艦店,李大華,服飾配件,13,9620,0.04,3,FALSE,北區
2026-02-16,高雄漢神店,劉俊傑,食品禮盒,10,6550,0.05,3,TRUE,東區
2026-02-09,高雄漢神店,林淑芬,美妝保養,8,8370,0.23,4,TRUE,中區
2026-07-21,台北旗艦店,張雅婷,食品禮盒,11,6780,0.04,5,TRUE,未知
2026-06-16,台中新光店,王小明,生活用品,3,820,0.19,1,TRUE,北區
2026-07-10,台北旗艦店,張雅婷,美妝保養,20,7310,0.03,,TRUE,中區
2026-07-21,台北旗艦店,張雅婷,美妝保養,11,5200,0.28,,FALSE,北區
2026-01-25,桃園機場店,劉俊傑,食品禮盒,19,2940,NA,5,TRUE,未知
2026-03-26,台北車站店,林淑芬,3C 家電,4,5530,NA,2,FALSE,中區
2026-04-03,台北車站店,王小明,食品禮盒,15,2150,0.29,,TRUE,北區
2026-02-22,台中新光店,劉俊傑,生活用品,4,5630,0.03,2,TRUE,未知
2026-05-31,台北車站店,張雅婷,3C 家電,16,5970,NA,,FALSE,南區
2026-01-13,台北車站店,林淑芬,美妝保養,20,9680,0.08,4,TRUE,中區
2026-08-19,桃園機場店,陳美玲,食品禮盒,19,4720,0.16,3,FALSE,未知
2026-02-05,台中新光店,王小明,食品禮盒,12,2840,0.08,3,FALSE,中區
2026-07-26,高雄漢神店,陳美玲,食品禮盒,9,4850,NA,4,TRUE,南區
2026-06-06,N/A,林淑芬,3C 家電,2,3250,0.15,,FALSE,南區
2026-04-23,台中新光店,李大華,生活用品,13,2880,0.28,3,FALSE,東區
2026-05-26,桃園機場店,林淑芬,食品禮盒,4,9550,0.03,,TRUE,東區
2026-02-21,台北旗艦店,張雅婷,食品禮盒,14,2710,0.29,5,TRUE,東區
2026-06-30,N/A,陳美玲,食品禮盒,6,4620,0.14,3,TRUE,南區
2026-03-16,台中新光店,王小明,3C 家電,2,9470,0.29,3,TRUE,未知
2026-06-18,台北車站店,陳美玲,生活用品,17,9210,0.29,,FALSE,南區
2026-04-15,台北旗艦店,林淑芬,生活用品,4,9730,0.13,,FALSE,東區
2026-06-23,台北旗艦店,李大華,美妝保養,17,4820,0.17,1,TRUE,北區
2026-08-26,台北旗艦店,陳美玲,生活用品,14,9440,0.07,4,TRUE,北區
2026-01-10,桃園機場店,劉俊傑,生活用品,9,9380,0.02,3,TRUE,南區
2026-07-17,高雄漢神店,王小明,服飾配件,4,4180,0.10,5,TRUE,南區
2026-01-01,桃園機場店,陳美玲,食品禮盒,16,5370,NA,2,FALSE,中區
2026-01-30,台北車站店,李大華,食品禮盒,1,3760,0.04,3,TRUE,東區
2026-05-13,高雄漢神店,林淑芬,服飾配件,8,4370,NA,,FALSE,東區
2026-07-16,台中新光店,王小明,生活用品,3,8340,0.10,1,TRUE,北區
2026-02-22,高雄漢神店,王小明,食品禮盒,12,5320,NA,5,FALSE,東區
2026-08-06,台中新光店,林淑芬,食品禮盒,13,6080,0.04,4,FALSE,中區
2026-07-26,台北車站店,王小明,食品禮盒,16,9540,NA,1,TRUE,北區
2026-01-30,台北車站店,劉俊傑,生活用品,2,2450,NA,5,FALSE,東區
2026-08-26,N/A,林淑芬,生活用品,14,8300,NA,3,TRUE,南區
2026-01-10,台北旗艦店,陳美玲,3C 家電,13,8730,NA,,TRUE,南區
2026-01-10,台中新光店,張雅婷,服飾配件,5,7820,0.08,3,FALSE,南區
2026-04-18,台中新光店,陳美玲,食品禮盒,20,5740,0.05,,FALSE,中區
2026-08-13,台北旗艦店,林淑芬,美妝保養,8,7710,0.02,3,TRUE,南區
2026-02-15,高雄漢神店,劉俊傑,食品禮盒,8,4980,0.12,,TRUE,南區
2026-07-27,台北車站店,林淑芬,美妝保養,8,3350,0.29,1,FALSE,北區
2026-05-31,台北旗艦店,王小明,食品禮盒,18,4740,0.24,2,FALSE,東區
2026-07-07,台中新光店,張雅婷,生活用品,1,5780,0.17,3,FALSE,東區
2026-05-13,台中新光店,李大華,美妝保養,12,6300,0.12,5,TRUE,東區
2026-08-07,台北旗艦店,陳美玲,食品禮盒,4,6270,0.17,4,FALSE,北區
2026-06-18,台北車站店,劉俊傑,生活用品,4,1150,NA,,FALSE,中區
2026-04-19,高雄漢神店,王小明,美妝保養,4,5910,0.08,1,TRUE,北區
2026-06-01,桃園機場店,林淑芬,服飾配件,11,1790,0.09,4,TRUE,中區
2026-08-15,台北車站店,王小明,美妝保養,3,2940,0.27,5,TRUE,南區
2026-08-28,高雄漢神店,陳美玲,3C 家電,18,8800,NA,,TRUE,南區
2026-01-03,台中新光店,王小明,3C 家電,18,1520,0.26,1,FALSE,東區
2026-02-18,台中新光店,陳美玲,食品禮盒,1,690,0.04,2,TRUE,中區
2026-07-14,台北旗艦店,林淑芬,美妝保養,9,3950,NA,,TRUE,東區
2026-01-10,桃園機場店,張雅婷,食品禮盒,8,7210,0.04,,FALSE,北區
2026-07-24,N/A,王小明,食品禮盒,14,8510,0.03,4,TRUE,中區
2026-05-06,台北車站店,王小明,3C 家電,16,2970,0.19,,FALSE,中區
2026-04-30,高雄漢神店,張雅婷,3C 家電,13,8770,0.05,4,FALSE,南區
2026-04-22,台北旗艦店,王小明,生活用品,20,9560,0.29,5,FALSE,北區
2026-05-14,桃園機場店,李大華,食品禮盒,14,9360,0.28,1,TRUE,未知
2026-06-28,台北旗艦店,陳美玲,食品禮盒,13,4200,0.18,5,FALSE,北區
2026-08-02,台北旗艦店,陳美玲,服飾配件,4,7560,0.07,2,FALSE,北區
2026-02-01,台北車站店,陳美玲,美妝保養,3,3040,0.28,4,TRUE,北區
2026-04-08,台北旗艦店,劉俊傑,服飾配件,2,4010,NA,4,TRUE,北區
2026-04-25,台北車站店,陳美玲,3C 家電,4,6220,0.01,,TRUE,未知
2026-04-20,桃園機場店,林淑芬,服飾配件,3,2430,0.03,1,FALSE,中區
2026-02-06,台北車站店,李大華,服飾配件,7,3400,0.15,2,FALSE,東區
2026-01-02,台北旗艦店,劉俊傑,食品禮盒,2,3220,0.13,2,FALSE,南區
2026-03-29,台北車站店,張雅婷,美妝保養,18,9700,0.09,4,TRUE,東區
2026-02-20,高雄漢神店,張雅婷,美妝保養,10,1900,0.03,4,TRUE,南區
2026-02-10,台北車站店,李大華,食品禮盒,17,7490,0.13,2,TRUE,北區
2026-02-26,台中新光店,陳美玲,生活用品,20,620,0.09,,TRUE,北區
2026-03-06,桃園機場店,劉俊傑,3C 家電,8,3680,0.05,,FALSE,南區
2026-07-25,台北車站店,劉俊傑,3C 家電,5,8890,0.09,2,FALSE,東區
2026-01-26,高雄漢神店,李大華,食品禮盒,18,5780,0.26,5,TRUE,南區
2026-07-17,台北車站店,王小明,服飾配件,19,3220,NA,1,TRUE,未知
2026-02-20,桃園機場店,林淑芬,服飾配件,7,9900,0.11,,FALSE,北區
2026-05-06,台北車站店,陳美玲,服飾配件,13,3530,0.10,,TRUE,中區
2026-05-13,台北車站店,李大華,3C 家電,14,830,NA,1,FALSE,未知
2026-08-11,桃園機場店,劉俊傑,3C 家電,10,3470,0.07,5,FALSE,北區
2026-05-31,台北車站店,劉俊傑,食品禮盒,5,8250,0.07,,TRUE,北區
2026-05-04,高雄漢神店,陳美玲,生活用品,20,4690,NA,1,FALSE,中區
2026-02-20,桃園機場店,張雅婷,生活用品,13,9170,0.14,,FALSE,中區
2026-01-22,台中新光店,陳美玲,生活用品,9,3750,0.04,,FALSE,南區
2026-06-20,台北車站店,李大華,服飾配件,14,500,0.03,4,TRUE,未知
2026-03-30,高雄漢神店,陳美玲,食品禮盒,12,6800,NA,,TRUE,未知
2026-02-01,台北旗艦店,李大華,生活用品,12,9130,0.19,4,FALSE,東區
2026-05-08,高雄漢神店,劉俊傑,食品禮盒,7,3340,0.28,5,TRUE,北區
2026-06-15,N/A,陳美玲,食品禮盒,18,6180,0.08,3,TRUE,東區
2026-05-20,桃園機場店,陳美玲,服飾配件,4,5390,NA,1,TRUE,北區
2026-07-03,台北旗艦店,林淑芬,3C 家電,11,8790,0.04,1,TRUE,東區
2026-08-24,台中新光店,王小明,食品禮盒,9,5540,0.16,,TRUE,中區
2026-03-03,台北旗艦店,劉俊傑,3C 家電,3,9060,NA,,TRUE,中區
2026-07-15,桃園機場店,王小明,3C 家電,4,1130,0.02,,FALSE,北區
2026-06-18,台中新光店,李大華,生活用品,8,1430,0.29,3,TRUE,東區
2026-03-27,台北旗艦店,李大華,生活用品,6,4530,0.26,5,FALSE,中區
2026-02-14,N/A,林淑芬,美妝保養,15,2360,0.08,4,TRUE,中區
2026-03-23,桃園機場店,林淑芬,服飾配件,8,600,0.22,3,TRUE,南區
2026-06-24,台中新光店,林淑芬,生活用品,12,9190,0.06,1,TRUE,南區
2026-08-08,台中新光店,張雅婷,食品禮盒,4,7370,0.04,,TRUE,南區
2026-06-25,台北車站店,林淑芬,食品禮盒,6,9190,0.21,,TRUE,中區
2026-07-31,高雄漢神店,王小明,美妝保養,9,2310,0.25,4,TRUE,東區